Corona,
Virus,
Smitte,
Smittekæde,
Smittetal,
Smittefare,
Smitteopsporing,
Smittespredning,
Kontakttal,
Mundbind,
Maske,
Visir,
Sygdom,
Død,
Hjemme,
Zoom,
Skype,
Discord,
Teams,
Meet,
Social,
Afstand,
Smittetryk,
Toiletpapir,
Isolation,
Håndsprit,
Lukket,
Men in Black,
Nedlukning,
Hjemmekarantæne,
Hjemmeundervisning,
Hjemmeskole,
Hjemmearbejde,
Hamstring,
Samfundssind,
Albuehilsen,
Flokimmunitet,
Karantæne,
Restriktion,
Pressemøde,
Sundhed,
Covid-19,
SARS-CoV-2,
Selvisolation,
Test,
Vaccine,
Vatpind,
Afspritning,
Coronatest,
Coronavirus,
Forsamlingsforbud,
Opholdsforbud,
Pandemi,
Epidemi,
Værnemiddel,
Handsker
