Kæledyr,
Pattedyr,
Fugle,
Insekter,
Hund,
Hvalp,
Skildpadde,
Kanin,
Papegøje,
Kat,
Killing,
Guldfisk,
Mus,
Hamster,
Ko,
And,
Reje,
Gris,
Ged,
Krabbe,
Dådyr,
Bi,
Får,
Fisk,
Kylling,
Hest,
Gås,
Kalkun,
Ørn,
Flamingo,
Struds,
Pingvin,
Svane,
Ugle,
Egern,
Chimpanze,
Okse,
Løve,
Panda,
Bæver,
Kænguru,
Abe,
Elefant,
Leopard,
Flodhest,
Giraf,
Ræv,
Hyæne,
Pindsvin,
Kamel,
Søstjerne,
Krokodile,
Tiger,
Bjørn,
Hval,
Vaskebjørn,
Ulv,
Delfin,
Slange,
Gorilla,
Flagermus,
Hare,
Tudse,
Frø,
Rotte,
Firben,
Rensdyr,
Sæl,
Blæksprutte,
Haj,
Søhest,
Vandmand,
Hummer,
Pelikan,
Musling,
Natsværmer,
Sommerfugl,
Edderkop,
Mariehøne,
Myre,
Guldsmed,
Flue,
Myg,
Græshoppe,
Bille,
Kakerlak,
Tudsindben,
Orm,
Lus,
Loppe,
Skorpion