Pets,
Mammals,
Birds,
Insects,
Dog,
Puppy,
Turtle,
Rabbit,
Parrot,
Cat,
Kitten,
Goldfish,
Mouse,
Hamster,
Cow,
Rabbit,
Duck,
Shrimp,
Pig,
Goat,
Crab,
Deer,
Bee,
Sheep,
Fish,
Chicken,
Horse,
Goose,
Turkey,
Eagle,
Flamingo,
Ostrich,
Penguin,
Swan,
Owl,
Squirrel,
Chimpanzee,
Ox,
Lion,
Panda,
Beaver,
Kangaroo,
Goat,
Monkey,
Cow,
Elephant,
Leopard,
Hippo,
Giraffe,
Fox,
Hyena,
Hedgehog,
Sheep,
Deer,
Camel,
Starfish,
Crocodile,
Tiger,
Bear,
Whale,
Raccoon,
Wolf,
Dolphin,
Snake,
Gorilla,
Bat,
Hare,
Toad,
Frog,
Rat,
Lizard,
Reindeer,
Seal,
Octopus,
Shark,
Seahorse,
Jellyfish,
Lobster,
Pelican,
Clam,
Seashell,
Moth,
Butterfly,
Spider,
Ladybug,
Ant,
Dragonfly,
Fly,
Mosquito,
Grasshopper,
Beetle,
Cockroach,
Centipede,
Worm,
Louse,
Flea,
Scorpion