Bride,
Wagon,
Univerity,
Hit,
Ash,
Bass,
Astronaut,
Doll,
Nerve,
Coach,
Beam,
Spoon,
Country,
King Arthur,
Stamp,
Camp,
Brain,
Leaf,
Tutu,
Coast,
Lunch,
Thunder,
Potato,
Desk,
Onion,
Elephant,
Cowboy,
Flood,
Mohawk,
Santa,
Pitcher,
Barbecue,
Leather,
Skates,
Musketeer,
Snap,
Saddle,
Genie,
Mark,
Governor,
Manicure,
Anthem,
Halloween,
Newton,
Balloon,
Fiddle,
Craft,
Glacier,
Cake,
Rat,
Tank,
Blind,
Cable,
Swamp,
Einstein,
Hide,
Crystal,
Gear,
Kiss,
Pew,
Powder,
Turtle,
Bacon,
Sherlock,
Squash,
Razor,
Dressing,
Brick,
Brazil,
Tear,
Stable,
Bikini,
Pen,
Roll,
Christmas,
Rubber,
Bay,
Mother,
Fog,
Radio,
Crab,
Cone,
Skull,
Wheelchair,
Egg,
Butter,
Werewolf,
Cherry,
Patient,
Dryer,
Drawing,
Fever,
Banana,
Polish,
Knot,
Paint,
Storm,
Goldilocks,
Pillow,
Chain,
Moses,
Saw,
Brother,
Rail,
Street,
Pad,
Captain,
Wish,
Axe,
Shorts,
Popcorn,
Castle,
Second,
Team,
Oasis,
Mess,
Miss,
Texas,
Sun,
Letter,
Rust,
Wing,
Steel,
Ear,
Scroll,
Bunk,
Cane,
Venus,
Ladder,
Purse,
Napoleon,
Sugar,
Director,
Ace,
Scratch,
Bucket,
Caesar,
Disk,
Beard,
Bulb,
Bench,
Scarecrow,
Igloo,
Earth,
Ram,
Sister,
Bread,
Record,
Dash,
Greenhouse,
Drone,
Steam,
Biscuit,
Rip,
Notre Dame,
Lip,
Cheese,
Sack,
Mountie,
Sumo,
Sahara,
Walrus,
Dust,
Hammer,
Cloud,
Spray,
St.Patrick,
Kilt,
Monkey,
Dentist,
Rainbow,
Whistle,
Reindeer,
Kitchen,
Lemonade,
Slipper,
Floor,
Valentine,
Pepper,
Road,
Shed,
Bowler,
Wheel,
Magazine,
Brass,
Tea,
Helmet,
Flag,
Troll,
Jail,
Sticker,
Puppet,
Chalk,
Bonsai,
Sweat,
Butterfly,
Story,
Salad,
Armor,
Smoke,
Cave,
Quack,
Break,
Snake,
Mill,
Gymnast,
Wonderland,
Driver,
Zombie,
Pig,
Cleopatra,
Toast,
Penny,
Ant,
Volume,
Lace,
Battleship,
Maracas,
Meter,
Sling,
Delta,
Joan of Arc,
Comet,
Bath,
Polo,
Gum,
Vampire,
Ski,
Pocket,
Battle,
Foam,
Rodeo,
Squirrel,
Salt,
Blacksmith,
Chip,
Goat,
Laundry,
Bee,
Tattoo,
Russia,
Tin,
Map,
Yellowstone,
Silk,
Hose,
Sloth,
Clock,
Bean,
Lightning,
Bowl,
Guitar,
Ranch,
Pearl,
Flat,
Virus,
Ice Age,
Coffee,
Marathon,
Attic,
Columbus,
Pop,
Sherwood,
Trick,
Nylon,
Locust,
Pacific,
Cuckoo,
Tornado,
Memory,
Jockey,
Big Bang,
Page,
Sphinx,
Crusader,
Volcano,
Rifle,
Boil,
Hair,
Bicycle,
Jumper,
Smoothie,
Pentagon,
Groom,
River,
Farm,
Judge,
Viking,
Easter,
Mud,
Parrot,
Comb,
Salsa,
Army,
Paddle,
Saloon,
Mona Lisa,
Mile,
Blizzard,
Quarter,
Jeweler,
Hamburger,
Glasses,
Sail,
Rice,
Mirror,
Ink,
Beer,
Tipi,
Makeup,
Microwave,
Hercules,
Sign,
Pizza,
Wool,
Minute,
Sword,
Soup,
Alaska,
Baby,
Potter,
Shower,
Blade,
Noah,
Soap,
Tunnel,
Dollar,
Tip,
Love,
Jellyfish,
Stethoscope,
Taste,
Fuel,
Mosquito,
Wizard,
Big Ben,
Garden,
Shoot,
Shell,
Lumberjack,
Medic,
Dream,
Blues,
Earthquake,
Pea,
Parade,
Sled,
Smell,
Cow,
Peanut,
Window,
Mustard,
Sand,
Golf,
Crow,
Iceland,
Apron,
Violet,
Door,
Joker,
House,
Collar,
Hawaii,
Dwarf,
Pine,
Magician,
Frost,
Curry,
Bubble,
Wood