Well,
Foot,
New York,
Spring,
Court,
Tube,
Point,
Tablet,
Slip,
Date,
Drill,
Lemon,
Bell,
Fair,
Torch,
State,
Match,
Iron,
Block,
France,
Australia,
Limousine,
Stream,
Glove,
Nurse,
Leprechaun,
Tooth,
Arm,
Bermuda,
Diamond,
Whale,
Comic,
Mammoth,
Green,
Pass,
Missile,
Paste,
Drop,
Pheonix,
Staff,
Figure,
Park,
Centaur,
Shadow,
Fish,
Cotton,
Egypt,
Theater,
Scale,
Fall,
Track,
Force,
Bill,
Mine,
Turkey,
March,
Contract,
Bridge,
Robin,
Line,
Plate,
Band,
Fire,
Bank,
Boom,
Shot,
Suit,
Chocolate,
Roulette,
Mercury,
Moon,
Net,
Lawyer,
Satellite,
Angel,
Spider,
Germany,
Fork,
King,
Crane,
Trip,
Dog,
Conductor,
Part,
Bugle,
Witch,
Ketchup,
Press,
Spine,
Worm,
Alps,
Pan,
Beijing,
Racket,
Cross,
Seal,
Aztec,
Maple,
Parachute,
Hotel,
Berry,
Soldier,
Ray,
Post,
Square,
Mass,
Bat,
Wave,
Car,
Smuggler,
England,
Crash,
Tail,
Card,
Horn,
Capital,
Fence,
Buffalo,
Microscope,
Jet,
Duck,
Ring,
Train,
Field,
Gold,
Tick,
Check,
Queen,
Strike,
Kangaroo,
Scientist,
Engine,
Shakespeare,
Wind,
Kid,
Embassy,
Robot,
Note,
Ground,
Draft,
Ham,
War,
Mouse,
Chick,
China,
Bolt,
Spot,
Piano,
Pupil,
Plot,
Lion,
Police,
Head,
Litter,
Concert,
Mug,
Atlantis,
Straw,
Switch,
Skyscraper,
Laser,
Scuba Diver,
Africa,
Plastic,
Dwarf,
Lap,
Life,
Honey,
Horseshoe,
Spy,
Pants,
Wall,
Paper,
Sound,
Ice,
Tag,
Web,
Fan,
Orange,
Temple,
Canada,
Scorpion,
Mail,
Europe,
Soul,
Apple,
Pole,
Tap,
Mouth,
Ambulance,
Dress,
Ice Cream,
Rabbit,
Buck,
Agent,
Nut,
Boot,
Ghost,
Oil,
Superhero,
Code,
Kiwi,
Hospital,
Saturn,
Film,
Button,
Snowman,
Helicopter,
Log,
Princess,
Time,
Cook,
Revolution,
Shoe,
Mole,
Spell,
Grass,
Washer,
Game,
Beat,
Hole,
Pirate,
Link,
Dance,
Fly,
Pit,
Server,
School,
Lock,
Brush,
Pool,
Star,
Jam,
Organ,
Face,
Luck,
Amazon,
Cast,
Gas,
Club,
Sink,
Water,
Chair,
Shark,
Jupiter,
Copper,
Jack,
Stick,
Olive,
Grace,
Bear,
Glass,
Row,
Pistol,
London,
Rock,
Van,
Vet,
Beach,
Charge,
Disease,
Palm,
Moscow,
Pin,
Washington,
Pyramid,
Opera,
Casino,
Pilot,
String,
Night,
Yard,
Teacher,
Pumpkin,
Thief,
Bark,
Bug,
Mint,
Cycle,
Telescope,
Calf,
Air,
Mount,
Thumb,
Antarctica,
Trunk,
Snow,
Penguin,
Root,
Bar,
File,
Hawk,
Battery,
Slug,
Octopus,
Whip,
America,
Ivory,
Pound,
Sub,
Cliff,
Lab,
Eagle,
Genius,
Dice,
Hood,
Heart,
Novel,
Pipe,
Himalayas,
Crown,
Round,
India,
Needle,
Shop,
Lead,
Tie,
Table,
Cell,
Cover,
Czech,
Back,
Bomb,
Ruler,
Forest,
Bottle,
Hook,
Doctor,
Ball,
Bow,
Degree,
Rome,
Plane,
Giant,
Nail,
Dragon,
Stadium,
Carrot,
Wake,
Fighter,
Model,
Tokyo,
Eye,
Mexico,
Hand,
Swing,
Key,
Alien,
Poison,
Cricket,
Cold,
Knife,
Church,
Board,
Cloak,
Ninja,
Olympus,
Belt,
Light,
Stock,
Millionaire,
Day,
Knight,
Pie,
Bed,
Circle,
Rose,
Change,
Cap,
Triangle