Cobblestone,
Dirt,
Block,
Stack,
Enderman,
Enderpearl,
Notch,
Herobrine,
Mojang,
Microsoft,
Steve,
Alex,
Server,
Singleplayer,
End,
Nether,
Overworld,
Netherrack,
Sheep,
Cow,
Pig,
Wither,
Wither skeleton,
Mob,
Animal,
Bat,
Witch,
Creeper,
Skeleton,
Zombie,
Update,
Snapshot,
Release,
Hardcore,
Iron,
Diamond,
Pickaxe,
Shovel,
Hoe,
Axe,
Sword,
Enchantment,
Flame,
Sharpness,
Looting,
Villager,
Mending,
Protection,
Armor,
Gold,
Coal,
Redstone,
Power,
Efficiency,
Beacon,
Ender dragon,
Elytra,
Dual wield,
Combat,
Parkour,
Building,
Guardian,
Ocean monument