France,
Spain,
United States,
China,
Italy,
Turkey,
Mexico,
Thailand,
Germany,
United Kingdom,
Japan,
Austria,
Greece,
Malaysia,
Portugal,
Russia,
Hong Kong,
Poland,
Canada,
Netherlands,
Vietnam,
India,
South Korea,
Croatia,
Hungary,
United Arab Emirates,
Indonesia,
Singapore,
Czech Republic,
Ukraine,
Saudi Arabia,
Denmark,
Morocco,
Taiwan,
Switzerland,
Egypt,
Ireland,
South Africa,
Australia,
Tunisia,
Bulgaria,
Belgium,
Philippines,
Sweden,
Argentina,
Iran,
Kyrgyzstan,
Uzbekistan,
Cambodia,
Hong Kong,
Bangkok,
London,
Macau,
Singapore,
Paris,
Dubai,
New York City,
Kuala Lumpur,
Istanbul,
Delhi,
Antalya,
Shenzhen,
Mumbai,
Phuket,
Rome,
Tokyo,
Pattaya,
Taipei,
Mecca,
Guangzhou,
Prague,
Medina,
Seoul,
Amsterdam,
Agra,
Miami,
Osaka,
Las Vegas,
Shanghai,
Ho Chi Minh City,
Denpasar,
Barcelona,
Los Angeles,
Milan,
Chennai,
Vienna,
Johor Bahru,
Jaipur,
Cancún,
Berlin,
Cairo,
Athens,
Orlando,
Moscow,
Venice,
Madrid,
Ha Long,
Riyadh,
Dublin,
Florence,
Hanoi,
Toronto,
Johannesburg,
Sydney,
Munich,
Jakarta,
Beijing,
Saint Petersburg,
Brussels,
Jerusalem,
Budapest,
Lisbon,
Dammam,
Penang Island,
Heraklion,
Kyoto,
Zhuhai,
Vancouver,
Chiang Mai,
Copenhagen,
San Francisco,
Melbourne,
Warsaw,
Marrakesh,
Kolkata,
Cebu City,
Auckland,
Tel Aviv,
Guilin,
Honolulu,
Hurghada,
Kraków,
Muğla,
Buenos Aires,
Chiba,
Frankfurt am Main,
Stockholm,
Lima,
Da Nang,
Batam,
Nice,
Fukuoka,
Abu Dhabi,
Jeju,
Porto,
Rhodes,
Rio de Janeiro,
Krabi,
Bangalore,
Mexico City,
Punta Cana,
São Paulo,
Zürich,
Montreal,
Washington D.C.,
Chicago,
Düsseldorf,
Boston,
Chengdu,
Edinburgh,
San Jose,
Tehran,
Houston,
Hamburg,
Cape Town,
Manila,
Bogota,
Xi'an,
Beirut,
Geneva,
Colombo,
Xiamen,
Bucharest,
Casablanca,
Atlanta,
Sofia,
Dalian,
Montevideo,
Amman,
Hangzhou,
Pune,
Durban,
Dallas,
Accra,
Quito,
Tianjin,
Qingdao,
Philadelphia,
Lagos