Sauna,
Hooker,
Stool,
Mouth,
Touchdown,
Snake,
Whiskey,
Pickle,
Hose,
Legend,
Blush,
Dick,
Cock,
Sausage,
Pecker,
Straight,
Sore,
Toy,
Black,
White,
Period,
Couch,
Juice,
Bra,
Dame,
Chick,
Score,
Sheep,
Strap,
Mattress,
Train,
Bondage,
Wiener,
Penis,
Furry,
Joystick,
Apples,
Condom,
Bisexual,
Secretary,
Roll,
Strip,
Freak,
Tramp,
Foreskin,
Wine,
Pee,
Experiment,
Johnson,
Banana,
Clam,
Blow,
Semen,
Regret,
Stripper,
Homerun,
Trim,
Bar,
Wood,
Paddle,
Cowgirl,
John,
Candle,
Cigarette,
Cigar,
Sex,
Gang,
Stud,
Screw,
Trousers,
Safe,
Girl,
Package,
Grope,
Jewels,
Beach,
Chubby,
Beef,
Shaft,
Peaches,
Swallow,
Flower,
Trunk,
Sack,
Job,
Onion,
Bowl,
Jerk,
Crap,
Bush,
Box,
Shame,
Couple,
Sweat,
Strobe,
Tubesteak,
Rug,
Butt,
Nylon,
Lick,
Hotel,
Boy,
Boob,
Biscuits,
Share,
Slut,
Swimmers,
Pound,
Tuna,
Roach,
Brownie,
Nuts,
Blonde,
Horny,
Catcher,
Body,
Dominate,
Shave,
Orgasm,
Taboo,
Roof,
Twig,
Red,
Lube,
Nude,
Eat,
Hooters,
Legs,
Behind,
Olive,
Shower,
Oyster,
Taco,
Salad,
Udders,
Rave,
Inch,
Nipple,
Gay,
High,
Booze,
Beaver,
Pussy,
Skank,
Melons,
Tail,
Rack,
Uranus,
Queer,
Lingerie,
Needle,
Escort,
Herb,
Bear,
Beans,
Log,
Skirt,
Gigolo,
Tap,
Pie,
Vasectomy,
Queen,
Group,
Necklace,
Commando,
Headlights,
Ashes,
Bacon,
Goose,
Smell,
Latex,
Tavern,
Smegma,
Vegas,
Queef,
Hot,
Navel,
Gag,
Headboard,
Bed,
Ass,
Caboose,
Smoke,
Cuffs,
Teabag,
Shot,
Vein,
Purple,
Gash,
Nail,
Hand,
Head,
Chaps,
Animal,
Coozie,
Snatch,
Rookie,
Tease,
Snort,
Vibrator,
Pucker,
Film,
Mug,
Bang,
Hammer,
Grandma,
Sniff,
Prick,
Tent,
Baked,
Video,
Pub,
G-Spot,
Movie,
Jazz,
Friction,
Eyes,
Softballs,
Kitty,
Tequila,
Bottom,
Vinyl,
Prostate,
Chains,
Motorboat,
Crabs,
French,
Hurl,
Solo,
Lizard,
Threesome,
Breast,
Virgin,
Prison,
Donkey,
Monkey,
Douche,
Freckles,
Bond,
Spank,
Boxers,
Throat,
Pinch,
Vodka,
Pot,
Lips,
Mom,
Finger,
Fluff,
Bling,
Speed,
Missionary,
Tickle,
Sin,
Vomit,
Porn,
Cuddle,
Moist,
Manboobs,
Flash,
Dildo,
Sperm,
Emission,
tie,
Diarrhea,
Wad,
Pork,
Bottle,
Mixer,
Crack,
Fist,
Club,
Spoon,
Seed,
Tip,
Intern,
Wang,
Pole,
Champagne,
Milk,
Loose,
Fire,
Choke,
Spread,
Doggy,
Tit,
Beer,
Waste,
Poker,
Gerbil,
Member,
Bartender,
Fetish,
Bone,
Squirt,
Lotion,
Tongue,
Flesh,
Watch,
Player,
Balls,
Meat,
Cream,
Fecal,
Rubber,
Stalker,
Bust,
Tool,
Skid,
Wax,
Pitcher,
Knees,
Martini,
Lobster,
Feather,
Booty,
Steamy,
Mesh,
Top,
Facial,
Weed,
Pipe,
Cherry,
Lust,
Knockers,
Fantasy,
Hump,
Stiff,
Nurse,
Torture,
Bong,
Wench,
Pink,
Gangbang,
Love,
Coyote,
Drill,
Acid,
Stiletto,
Turd,
Touch,
Daddy,
Wet,
Pimp,
Hell,
Liquor,
Burn,
Drag,
Cougar,
Stones,
Naked,
Orgy,
Chest,
Whip,
Pig,
Jugs,
Lighter,
Cannons,
Down,
Clap