Easter ,
Easter ,
Easter ,
Easter ,
Easter ,
Easter ,
Easter ,
Easter ,
Easter ,
Easter ,
Easter ,
Easter ,
Easter ,
Easter ,
Easter ,
Easter ,
Easter ,
Easter ,
Easter ,
Easter ,
Easter ,
Easter ,
Easter ,
Easter ,
Easter ,
Easter ,
Easter ,
Easter ,
Easter ,
Easter ,
Easter ,
Easter ,
Easter ,
Easter ,
Easter ,
Easter ,
Easter ,
Easter ,
Easter ,
Easter ,
Easter ,
Easter ,
Easter ,
Easter ,
Easter ,
Easter ,
Easter ,
Easter ,
Easter ,
Easter ,
Easter ,
Easter ,
Easter ,
Easter ,
Easter ,
Easter ,
Easter ,
Easter ,
Easter ,
Easter ,
Easter ,
Easter ,
Easter ,
Easter ,
Easter ,
Easter ,
Easter ,
Easter ,
Easter ,
Easter ,
Easter ,
Easter ,
Easter ,
Easter ,
Easter ,
Easter ,
Easter ,
Easter ,
Easter ,
Easter ,
Easter ,
Easter ,
Easter ,
Easter ,
Easter ,
Easter ,
Easter ,
Easter ,
Easter ,
Easter ,
Easter ,
Easter ,
Easter ,
Easter ,
Easter ,
Easter ,
Easter ,
Easter ,
Easter ,
Easter ,
Easter ,
Easter ,
Easter ,
Easter ,
Easter ,
Easter ,
Easter ,
Easter ,
Easter ,
Easter ,
Easter ,
Easter ,
Easter ,
Easter ,
Easter ,
Easter ,
Easter ,
Easter ,
Easter ,
Easter ,
Easter ,
Easter ,
Easter ,
Easter ,
Easter ,
Easter ,
Easter ,
Easter ,
Easter ,
Easter ,
Easter ,
Easter ,
Easter ,
Easter ,
Easter ,
Easter ,
Easter ,
Easter ,
Easter ,
Easter ,
Easter ,
Easter ,
Easter ,
Easter ,
Easter ,
Easter ,
Easter ,
Easter ,
Easter ,
Easter ,
Easter ,
Easter ,
Easter ,
Easter ,
Easter ,
Easter ,
Easter ,
Easter ,
Easter ,
Easter ,
Easter ,
Easter ,
Easter ,
Easter ,
Easter ,
Easter ,
Easter ,
Easter ,
Easter ,
Easter ,
Easter ,
Easter ,
Easter ,
Easter ,
Easter ,
Easter ,
Easter ,
Easter ,
Easter ,
Easter ,
Easter ,
Easter ,
Easter ,
Easter ,
Easter ,
Easter ,
Easter ,
Easter ,
Easter ,
Easter ,
Easter ,
Easter ,
Easter ,
Easter ,
Easter ,
Easter ,
Easter ,
Easter ,
Easter ,
Easter ,
Easter ,
Easter ,
Easter ,
Easter ,
Easter ,
Easter ,
Easter ,
Easter ,
Easter ,
Easter ,
Easter ,
Easter ,
Easter ,
Easter ,
Easter ,
Easter ,
Easter ,
Easter ,
Easter ,
Easter ,
Easter ,
Easter ,
Easter ,
Easter ,
Easter ,
Easter ,
Easter ,
Easter ,
Easter ,
Easter ,
Easter ,
Easter ,
Easter ,
Easter ,
Easter ,
Easter ,
Easter ,
Easter ,
Easter ,
Easter ,
Easter ,
Easter ,
Easter ,
Easter ,
Easter ,
Easter ,
Easter ,
Easter ,
Easter ,
Easter ,
Easter ,
Easter ,
Easter ,
Easter ,
Easter ,
Easter ,
Easter ,
Easter ,
Easter ,
Easter ,
Easter ,
Easter ,
Easter ,
Easter ,
Easter ,
Easter ,
Easter ,
Easter ,
Easter ,
Easter ,
Easter ,
Easter ,
Easter ,
Easter ,
Easter ,
Easter ,
Easter ,
Easter ,
Easter ,
Easter ,
Easter ,
Easter ,
Easter ,
Easter ,
Easter ,
Easter ,
Easter ,
Easter ,
Easter ,
Easter ,
Easter ,
Easter ,
Easter ,
Easter ,
Easter ,
Easter ,
Easter ,
Easter ,
Easter ,
Easter ,
Easter ,
Easter ,
Easter ,
Easter ,
Easter ,
Easter ,
Easter ,
Easter ,
Easter ,
Easter ,
Easter ,
Easter ,
Easter ,
Easter ,
Easter ,
Easter ,
Easter ,
Easter ,
Easter ,
Easter ,
Easter ,
Easter ,
Easter ,
Easter ,
Easter ,
Easter ,
Easter ,
Easter ,
Easter ,
Easter ,
Easter ,
Easter ,
Easter ,
Easter ,
Easter ,
Easter ,
Easter ,
Easter ,
Easter ,
Easter ,
Easter ,
Easter ,
Easter ,
Easter ,
Easter ,
Easter ,
Easter ,
Easter ,
Easter ,
Easter ,
Easter ,
Easter ,
Easter ,
Easter ,
Easter ,
Easter ,
Easter ,
Easter ,
Easter ,
Easter ,
Easter ,
Easter ,
Easter ,
Easter ,
Easter ,
Easter ,
Easter ,
Easter ,
Easter ,
Easter ,
Easter ,
Easter ,
Easter ,
Easter ,
Easter ,
Easter ,
Easter ,
Easter ,
Easter ,
Easter ,
Easter ,
Easter ,
Easter ,
Easter ,
Easter ,
Easter ,
Easter ,
Easter ,
Easter ,
Easter ,
Easter ,
Easter ,
Easter ,
Easter ,
Easter ,
Easter ,
Easter ,
Easter ,
Easter ,
Easter ,
Easter ,
Easter ,
Easter ,
Easter ,
Easter ,
Easter ,
Easter ,
Easter ,
Easter ,
Easter ,
Easter ,
Easter ,
Easter ,
Easter ,
Easter ,
Easter ,
Easter ,
Easter ,
Easter ,
Easter ,
Easter ,
Easter ,
Easter ,
Easter ,
Easter ,
Easter ,
Easter ,
Easter ,
Easter ,
Easter ,
Easter ,
Easter ,
Easter ,
Easter ,
Easter ,
Easter ,
Easter ,
Easter ,
Easter ,
Easter ,
Easter ,
Easter ,
Easter ,
Easter ,
Easter ,
Easter ,
Easter ,
Easter ,
Easter ,
Easter ,
Easter ,
Easter ,
Easter ,
Easter ,
Easter ,
Easter ,
Easter ,
Easter ,
Easter ,
Easter ,
Easter ,
Easter ,
Easter ,
Easter ,
Easter ,
Easter ,
Easter ,
Easter ,
Easter ,
Easter ,
Easter ,
Easter ,
Easter ,
Easter ,
Easter ,
Easter ,
Easter ,
Easter ,
Easter ,
Easter ,
Easter ,
Easter ,
Easter ,
Easter ,
Easter ,
Easter ,
Easter ,
Easter ,
Easter ,
Easter ,
Easter ,
Easter ,
Easter ,
Easter ,
Easter ,
Easter ,
Easter ,
Easter ,
Easter ,
Easter ,
Easter ,
Easter ,
Easter ,
Easter ,
Easter ,
Easter ,
Easter ,
Easter ,
Easter ,
Easter ,
Easter ,
Easter ,
Easter ,
Easter ,
Easter ,
Easter ,
Easter ,
Easter ,
Easter ,
Easter ,
Easter ,
Easter ,
Easter ,
Easter ,
Easter ,
Easter ,
Easter ,
Easter ,
Easter ,
Easter ,
Easter ,
Easter ,
Easter ,
Easter ,
Easter ,
Easter ,
Easter ,
Easter ,
Easter ,
Easter ,
Easter ,
Easter ,
Easter ,
Easter ,
Easter ,
Easter ,
Easter ,
Easter ,
Easter ,
Easter ,
Easter ,
Easter ,
Easter ,
Easter ,
Easter ,
Easter ,
Easter ,
Easter ,
Easter ,
Easter ,
Easter ,
Easter ,
Easter ,
Easter ,
Easter ,
Easter ,
Easter ,
Easter ,
Easter ,
Easter ,
Easter ,
Easter ,
Easter ,
Easter ,
Easter ,
Easter ,
Easter ,
Easter ,
Easter ,
Easter ,
Easter ,
Easter ,
Easter ,
Easter ,
Easter ,
Easter ,
Easter ,
Easter ,
Easter ,
Easter ,
Easter ,
Easter ,
Easter ,
Easter ,
Easter ,
Easter ,
Easter ,
Easter ,
Easter ,
Easter ,
Easter ,
Easter ,
Easter ,
Easter ,
Easter ,
Easter ,
Easter ,
Easter ,
Easter ,
Easter ,
Easter ,
Easter ,
Easter ,
Easter ,
Easter ,
Easter ,
Easter ,
Easter ,
Easter ,
Easter ,
Easter ,
Easter ,
Easter ,
Easter ,
Easter ,
Easter ,
Easter ,
Easter ,
Easter ,
Easter ,
Easter ,
Easter ,
Easter ,
Easter ,
Easter ,
Easter ,
Easter ,
Easter ,
Easter ,
Easter ,
Easter ,
Easter ,
Easter ,
Easter ,
Easter ,
Easter ,
Easter ,
Easter ,
Easter ,
Easter ,
Easter ,
Easter ,
Easter ,
Easter ,
Easter ,
Easter ,
Easter ,
Easter ,
Easter ,
Easter ,
Easter ,
Easter ,
Easter ,
Easter ,
Easter ,
Easter ,
Easter ,
Easter ,
Easter ,
Easter ,
Easter ,
Easter ,
Easter ,
Easter ,
Easter ,
Easter ,
Easter ,
Easter ,
Easter ,
Easter ,
Easter ,
Easter ,
Easter ,
Easter ,
Easter ,
Easter ,
Easter ,
Easter ,
Easter ,
Easter ,
Easter ,
Easter ,
Easter ,
Easter ,
Easter ,
Easter ,
Easter ,
Easter ,
Easter ,
Easter ,
Easter ,
Easter ,
Easter ,
Easter ,
Easter ,
Easter ,
Easter ,
Easter ,
Easter ,
Easter ,
Easter ,
Easter ,
Easter ,
Easter ,
Easter ,
Easter ,
Easter ,
Easter ,
Easter ,
Easter ,
Easter ,
Easter ,
Easter ,
Easter ,
Easter ,
Easter ,
Easter ,
Easter ,
Easter ,
Easter ,
Easter ,
Easter ,
Easter ,
Easter ,
Easter ,
Easter ,
Easter ,
Easter ,
Easter ,
Easter ,
Easter ,
Easter ,
Easter ,
Easter ,
Easter ,
Easter ,
Easter ,
Easter ,
Easter ,
Easter ,
Easter ,
Easter ,
Easter ,
Easter ,
Easter ,
Easter ,
Easter ,
Easter ,
Easter ,
Easter ,
Easter ,
Easter ,
Easter ,
Easter ,
Easter ,
Easter ,
Easter ,
Easter ,
Easter ,
Easter ,
Easter ,
Easter ,
Easter ,
Easter ,
Easter ,
Easter ,
Easter ,
Easter ,
Easter ,
Easter ,
Easter ,
Easter ,
Easter ,
Easter ,
Easter ,
Easter ,
Easter ,
Easter ,
Easter ,
Easter ,
Easter ,
Easter ,
Easter ,
Easter ,
Easter ,
Easter ,
Easter ,
Easter ,
Easter ,
Easter ,
Easter ,
Easter ,
Easter ,
Easter ,
Easter ,
Easter ,
Easter ,
Easter ,
Easter ,
Easter ,
Easter ,
Easter ,
Easter ,
Easter ,
Easter ,
Easter ,
Easter ,
Easter ,
Easter ,
Easter ,
Easter ,
Easter ,
Easter ,
Easter ,
Easter ,
Easter ,
Easter ,
Easter ,
Easter ,
Easter ,
Easter ,
Easter ,
Easter ,
Easter ,
Easter ,
Easter ,
Easter ,
Easter ,
Easter ,
Easter ,
Easter ,
Easter ,
Easter ,
Easter ,
Easter ,
Easter ,
Easter ,
Easter ,
Easter ,
Easter ,
Easter ,
Easter ,
Easter ,
Easter ,
Easter ,
Easter ,
Easter ,
Easter ,
Easter ,
Easter ,
Easter ,
Easter ,
Easter ,
Easter ,
Easter ,
Easter ,
Easter ,
Easter ,
Easter ,
Easter ,
Easter ,
Easter ,
Easter ,
Easter ,
Easter ,
Easter ,
Easter ,
Easter ,
Easter ,
Easter ,
Easter ,
Easter ,
Easter ,
Easter ,
Easter ,
Easter ,
Easter ,
Easter ,
Easter ,
Easter ,
Easter ,
Easter ,
Easter ,
Easter ,
Easter ,
Easter ,
Easter ,
Easter ,
Easter ,
Easter ,
Easter ,
Easter ,
Easter ,
Easter ,
Easter ,
Easter ,
Easter ,
Easter ,
Easter ,
Easter ,
Easter ,
Easter ,
Easter ,
Easter ,
Easter ,
Easter ,
Easter ,
Easter ,
Easter ,
Easter ,
Easter ,
Easter ,
Easter ,
Easter ,
Easter ,
Easter ,
Easter ,
Easter ,
Easter ,
Easter ,
Easter ,
Easter ,
Easter ,
Easter ,
Easter ,
Easter ,
Easter ,
Easter ,
Easter ,
Easter ,
Easter ,
Easter ,
Easter ,
Easter ,
Easter ,
Easter ,
Easter ,
Easter ,
Easter ,
Easter ,
Easter ,
Easter ,
Easter ,
Easter ,
Easter ,
Easter ,
Easter ,
Easter ,
Easter ,
Easter ,
Easter ,
Easter ,
Easter ,
Easter ,
Easter ,
Easter ,
Easter ,
Easter ,
Easter ,
Easter ,
Easter ,
Easter ,
Easter ,
Easter ,
Easter ,
Easter ,
Easter ,
Easter ,
Easter ,
Easter ,
Easter ,
Easter ,
Easter ,
Easter ,
Easter ,
Easter ,
Easter ,
Easter ,
Easter ,
Easter ,
Easter ,
Easter ,
Easter ,
Easter ,
Easter ,
Easter ,
Easter ,
Easter ,
Easter ,
Easter 